﻿<?xml version="1.0" encoding="utf-8" ?>
<c2eventsheet>
    <!--All the 'name' attributes are ignored by Construct 2 - they are there for readability only.-->
    <name>Utils</name>
    <events>
        <comment>Utils(Non-Enhance Logic)</comment>
        <event-block sid="466404551675305">
            <conditions>
                <condition id="0" name="On clicked" sid="954365941555580" type="Button" />
            </conditions>
            <actions>
                <action id="0" name="Call function" sid="730439679788560" type="Function">
                    <param id="0" name="Name">Button.Callback</param>
                    <param id="1" name="Parameter {n}"></param>
                </action>
            </actions>
        </event-block>
        <event-block sid="615940953273542">
            <conditions>
                <condition id="0" name="On function" sid="578900685269504" type="Function">
                    <param id="0" name="Name">&quot;writeLog&quot;</param>
                </condition>
            </conditions>
            <actions />
            <sub-events>
                <event-block sid="715293835593128">
                    <conditions>
                        <condition id="-7" name="Compare instance variable" sid="742299387202551" type="LogOutput">
                            <param id="0" name="Instance variable">Lines</param>
                            <param id="1" name="Comparison">0</param>
                            <param id="2" name="Value">Self.MaxLines</param>
                        </condition>
                    </conditions>
                    <actions>
                        <action id="0" name="Set text" sid="808483826682627" type="LogOutput">
                            <param id="0" name="Text">&quot;&quot;</param>
                        </action>
                        <action id="-10" name="Set value" sid="368542149768816" type="LogOutput">
                            <param id="0" name="Instance variable">Lines</param>
                            <param id="1" name="Value">0</param>
                        </action>
                    </actions>
                </event-block>
                <event-block sid="587330604308592">
                    <conditions>
                        <condition id="-8" name="Compare two values" sid="505822044014213" type="System">
                            <param id="0" name="First value">1</param>
                            <param id="1" name="Comparison">0</param>
                            <param id="2" name="Second value">1</param>
                        </condition>
                    </conditions>
                    <actions>
                        <action id="1" name="Append text" sid="463566028181923" type="LogOutput">
                            <param id="0" name="Text">newline &amp; Function.Param(0)</param>
                        </action>
                        <action id="-11" name="Add to" sid="293943474517084" type="LogOutput">
                            <param id="0" name="Instance variable">Lines</param>
                            <param id="1" name="Value">1</param>
                        </action>
                    </actions>
                </event-block>
            </sub-events>
        </event-block>
    </events>
</c2eventsheet>
